,Unnamed: 0,dt,E,dE,K,dK,neff
0,0,1,-42.799332711493186,0.006173992384474596,5.597495428235145,0.00021416375572915665,2811.3246353506543
1,1,3,-42.75424436422168,0.006435958087727244,5.546142613117445,0.00019651265674175075,2695.0016204831195
2,2,6,-42.76060347343963,0.0061688464328207675,5.5465305679206685,0.00020708110363411728,2830.5780115987327
3,3,9,-42.7723687962218,0.005957496452833245,5.549325371983952,0.0002028112865727265,3001.4788594964466
4,4,15,-42.820971479395396,0.0058610553973428604,5.553389188012496,0.0002074059598416586,3082.378237078332
5,5,30,-43.0422869770775,0.006396475476374707,5.621848331528272,0.00020333205796303771,2626.309093222891
6,6,45,-43.113996923268026,0.006475524784083571,5.624509848386596,0.00021078599386935268,2505.3743062580193
7,7,90,-43.22835932332354,0.007522260068537002,6.015036527688996,0.00030200020799366404,1970.1032479555292
